year,city,parameter,station_name,count,mean,std,min,25%,50%,75%,max
2021,Firenze,no2 µg/m³,FI-BASSI,5827.0,18.870430753389392,16.730067404995612,0.0,7.0,13.0,26.0,337.0
2021,Firenze,no2 µg/m³,FI-MOSSE,6248.0,30.522247119078106,18.21948300620405,2.0,17.0,26.0,40.0,134.0
2021,Firenze,no2 µg/m³,FI-SCANDICCI,6109.0,20.24553936814536,17.138748148724275,0.0,7.0,15.0,29.0,237.0
2021,Firenze,no2 µg/m³,FI-SETTIGNANO,5892.0,5.729463679565512,7.099252282805249,0.0,2.0,4.0,7.0,74.0
2021,Firenze,o3 µg/m³,FI-SETTIGNANO,6137.0,59.601352452338276,27.46812766844418,0.0,40.0,56.0,77.0,153.0
2021,Milano,no2 µg/m³,LIMITO,6325.0,32.794496442687745,18.759849817303987,4.53,16.6,29.4,45.8,106.0
2021,Milano,no2 µg/m³,MILANO - SENATO,5941.0,42.3736509005218,19.596158002782797,4.25,26.8,40.4,55.7,152.0
2021,Milano,no2 µg/m³,MILANO - V.LE MARCHE,6203.0,46.34093019506691,23.1428905336595,2.05,28.0,45.6,62.4,145.0
2021,Milano,no2 µg/m³,MILANO - VERZIERE,5958.0,36.60489929506546,21.93985269453997,3.5,18.4,31.9,52.2,130.0
2021,Milano,no2 µg/m³,MILANO PASCAL CITT� STUDI,6225.0,35.251351004016065,22.71509082197249,2.03,16.2,30.3,51.9,125.0
2021,Milano,no2 µg/m³,S. GIULIANO,5712.0,35.88563900560224,18.653487565758194,3.91,20.9,33.7,47.6,124.0
2021,Milano,no2 µg/m³,SESTO S.GIOVANNI,6357.0,44.891137328928735,28.4253227740267,2.95,22.2,39.8,62.9,383.0
2021,Milano,o3 µg/m³,LIMITO,5763.0,48.47448551101857,41.05230788652093,2.0,8.94,42.5,76.65,192.0
2021,Milano,o3 µg/m³,MILANO PASCAL CITT� STUDI,6149.0,45.451730362660605,38.0727244152935,2.0,7.24,40.7,73.3,182.0
2021,Napoli,no2 µg/m³,IT0898A,6068.0,41.94979070533949,23.956171510880935,1.37,23.2,38.5,57.225,169.0
2021,Napoli,no2 µg/m³,IT1495A,6132.0,40.54478147423353,23.69844242592684,1.75,21.7,36.7,56.025,134.0
2021,Napoli,no2 µg/m³,IT1496A,6426.0,35.223303765950824,21.9298545486084,0.01,18.8,30.6,47.1,131.0
2021,Napoli,no2 µg/m³,IT1497A,6121.0,19.927480803790232,18.25580804327062,0.0,6.78,14.1,27.6,114.0
2021,Napoli,no2 µg/m³,NA07 ENTE FERROVIE,6360.0,47.755628930817615,27.918242251796322,0.0,25.9,44.1,65.4,192.0
2021,Napoli,no2 µg/m³,NA09 I.T.I.S. ARGINE,6139.0,38.80596514090243,24.36394637809026,0.0,17.9,35.4,56.45,145.0
2021,Napoli,o3 µg/m³,IT1497A,6122.0,35.957512250898404,15.880948582798577,0.02,25.3,36.3,46.2,133.0
2021,Napoli,pm10 µg/m³,IT0898A,6328.0,27.37270859671302,19.168168851907534,0.0,16.0,23.7,33.5,377.0
2021,Napoli,pm10 µg/m³,NA07 ENTE FERROVIE,6418.0,30.728607042692428,22.758913259048445,0.0,17.4,26.1,37.6,458.0
2021,Napoli,pm10 µg/m³,NA09 I.T.I.S. ARGINE,6424.0,33.65538605230386,24.100871216728954,0.0,18.2,27.6,41.7,500.0
2021,Napoli,pm25 µg/m³,IT0898A,6325.0,15.988363636363635,11.946168549162639,0.0,8.8,13.7,20.2,224.0
2021,Napoli,pm25 µg/m³,NA09 I.T.I.S. ARGINE,6424.0,19.92154420921544,17.386072109339814,0.0,9.4,15.7,25.0,268.0
2021,Roma,no2 µg/m³,ARENULA,993.0,42.943605236656595,17.78457678055229,5.0,31.0,41.0,54.0,96.0
2021,Roma,no2 µg/m³,BUFALOTTA,917.0,43.22464558342421,18.921283821447282,4.0,31.0,42.0,53.0,100.0
2021,Roma,no2 µg/m³,C.SO FRANCIA,993.0,50.50855991943605,19.657659213823482,8.0,36.0,48.0,64.0,120.0
2021,Roma,no2 µg/m³,CIPRO,6821.0,33.47500366515174,19.844789931071187,1.0,18.0,29.0,46.0,108.0
2021,Roma,no2 µg/m³,Fermi,5636.0,48.010734563520224,23.57542070676867,1.0,30.0,45.0,64.0,139.0
2021,Roma,no2 µg/m³,IT1176A,5634.0,26.5040823571175,19.59979677824712,1.0,11.0,21.0,38.0,146.0
2021,Roma,no2 µg/m³,IT1835A,5290.0,33.04007561436673,18.71137670160942,1.0,20.0,29.0,42.0,126.0
2021,Roma,no2 µg/m³,IT1906A,5261.0,31.01729709180764,18.694834822557493,1.0,16.0,27.0,43.0,104.0
2021,Roma,no2 µg/m³,IT2012A,5642.0,16.61378943637008,14.49778206011602,1.0,6.0,12.0,23.0,95.0
2021,Roma,no2 µg/m³,L.GO MAGNA GRECIA,5525.0,37.15185520361991,22.12580706843094,1.0,21.0,33.0,49.0,174.0
2021,Roma,no2 µg/m³,L.GO PERESTRELLO,990.0,41.968686868686866,21.068956775997396,1.0,27.0,39.0,53.0,113.0
2021,Roma,no2 µg/m³,Malagrotta,976.0,24.415983606557376,17.38614569739403,0.0,11.0,20.0,35.0,82.0
2021,Roma,no2 µg/m³,TIBURTINA,5794.0,35.61063168795305,20.027512515722286,0.0,21.0,33.0,46.0,145.0
2021,Roma,no2 µg/m³,VILLA ADA,5787.0,20.998444790046655,12.520201346484019,1.0,12.0,18.0,27.0,105.0
2021,Roma,o3 µg/m³,ARENULA,1026.0,17.373294346978557,14.17142532945777,2.0,6.0,13.0,26.0,71.0
2021,Roma,o3 µg/m³,BUFALOTTA,982.0,21.5122199592668,18.569135588224682,0.0,4.0,17.0,36.0,74.0
2021,Roma,o3 µg/m³,CIPRO,7105.0,43.91815622800844,28.777392595304054,2.0,18.0,42.0,66.0,136.0
2021,Roma,o3 µg/m³,IT1176A,5881.0,49.61528651589866,32.99996092489498,2.0,21.0,48.0,74.0,162.0
2021,Roma,o3 µg/m³,IT1835A,5856.0,41.451588114754095,26.77892228873841,2.0,19.0,41.0,61.0,135.0
2021,Roma,o3 µg/m³,IT1906A,5953.0,36.798840920544265,25.842905014408274,2.0,14.0,36.0,55.0,207.0
2021,Roma,o3 µg/m³,IT2012A,6051.0,58.13592794579408,29.648097089618894,2.0,36.0,58.0,79.0,161.0
2021,Roma,o3 µg/m³,L.GO PERESTRELLO,1023.0,19.697947214076247,18.836604704658406,0.0,2.0,14.0,34.0,78.0
2021,Roma,o3 µg/m³,Malagrotta,952.0,35.081932773109244,22.06670913846409,1.0,15.75,34.0,54.0,85.0
2021,Roma,o3 µg/m³,VILLA ADA,5839.0,33.68247987669121,26.32984867845848,0.0,9.0,30.0,54.0,120.0
2021,Roma,pm10 µg/m³,ARENULA,33.0,19.515151515151516,6.991607523136276,8.0,16.0,18.0,25.0,36.0
2021,Roma,pm10 µg/m³,BUFALOTTA,32.0,20.75,8.511851320554525,0.0,16.75,19.0,24.25,39.0
2021,Roma,pm10 µg/m³,C.SO FRANCIA,33.0,22.454545454545453,8.736027805483555,5.0,17.0,20.0,28.0,44.0
2021,Roma,pm10 µg/m³,CIPRO,33.0,20.484848484848484,9.47404748550353,5.0,14.0,17.0,25.0,47.0
2021,Roma,pm10 µg/m³,Fermi,33.0,29.484848484848484,10.040920065291616,13.0,22.0,27.0,36.0,54.0
2021,Roma,pm10 µg/m³,L.GO MAGNA GRECIA,30.0,17.0,8.19166944376188,5.0,12.0,15.0,23.25,40.0
2021,Roma,pm10 µg/m³,L.GO PERESTRELLO,33.0,24.515151515151516,10.38063465100163,9.0,16.0,21.0,30.0,46.0
2021,Roma,pm10 µg/m³,Malagrotta,33.0,18.666666666666668,7.325753658611969,7.0,14.0,17.0,23.0,42.0
2021,Roma,pm10 µg/m³,TIBURTINA,33.0,31.515151515151516,15.309558313601858,10.0,21.0,25.0,43.0,62.0
2021,Roma,pm10 µg/m³,VILLA ADA,33.0,20.03030303030303,8.865258204378653,7.0,14.0,19.0,26.0,50.0
2021,Roma,pm25 µg/m³,ARENULA,33.0,12.757575757575758,5.297583783140569,3.0,8.0,12.0,17.0,23.0
2021,Roma,pm25 µg/m³,C.SO FRANCIA,33.0,12.606060606060606,6.2646797301388135,2.0,9.0,12.0,16.0,28.0
2021,Roma,pm25 µg/m³,CIPRO,32.0,12.46875,6.549978453547422,1.0,7.75,11.0,16.25,30.0
2021,Roma,pm25 µg/m³,Malagrotta,33.0,11.727272727272727,6.2463625778964715,3.0,7.0,10.0,17.0,30.0
2021,Roma,pm25 µg/m³,VILLA ADA,33.0,11.393939393939394,5.049377399364412,5.0,7.0,11.0,15.0,22.0
2021,Torino,no2 µg/m³,Borgaro T. - Caduti,6368.0,25.00031407035176,16.735359196254254,1.0,12.0,21.0,34.0,132.0
2021,Torino,no2 µg/m³,Settimo T. - Vivaldi,6401.0,31.147633182315264,18.421910725761425,0.0,17.0,26.0,40.0,157.0
2021,Torino,no2 µg/m³,Torino - Consolata,6285.0,44.148130469371516,20.54830474519731,4.0,29.0,41.0,56.0,176.0
2021,Torino,no2 µg/m³,Torino - Rebaudengo,6375.0,49.371607843137255,24.8904113945125,0.0,32.0,44.0,61.0,268.0
2021,Torino,no2 µg/m³,Torino - Rubino,6241.0,25.415638519468033,17.622500885197823,0.0,12.0,21.0,36.0,99.0
2021,Torino,o3 µg/m³,Borgaro T. - Caduti,6148.0,48.75683148991542,39.16255175642178,2.0,14.0,41.0,74.0,189.0
2021,Torino,o3 µg/m³,Torino - Rubino,6010.0,44.740931780366054,39.63077979386393,2.0,8.0,35.0,70.0,279.0
2022,Firenze,no2 µg/m³,FI-BASSI,5631.0,18.351092168353755,15.11737904994831,0.0,7.0,13.0,26.0,86.0
2022,Firenze,no2 µg/m³,FI-GRAMSCI,1.0,88.0,,88.0,88.0,88.0,88.0,88.0
2022,Firenze,no2 µg/m³,FI-MOSSE,6500.0,35.342615384615385,17.186960115767924,2.0,22.0,34.0,45.0,259.0
2022,Firenze,no2 µg/m³,FI-SCANDICCI,7084.0,20.304488989271597,14.595018757536595,0.0,9.0,16.0,28.0,82.0
2022,Firenze,no2 µg/m³,FI-SETTIGNANO,5648.0,5.477160056657223,5.767053669798491,0.0,2.0,4.0,6.0,60.0
2022,Firenze,o3 µg/m³,FI-SETTIGNANO,6719.0,64.01220419705314,31.28017090555762,0.0,40.0,61.0,87.0,187.0
2022,Milano,no2 µg/m³,LIMITO,1402.0,47.13632667617689,22.737444139825683,6.8,29.924999999999997,46.2,63.075,124.0
2022,Milano,no2 µg/m³,MILANO - SENATO,1399.0,57.704431736954966,22.768748386603068,10.4,41.25,55.4,72.8,152.0
2022,Milano,no2 µg/m³,MILANO - V.LE MARCHE,1395.0,61.928931899641576,24.978811375341987,5.77,45.1,61.9,77.55,158.0
2022,Milano,no2 µg/m³,MILANO - VERZIERE,1393.0,48.752871500358935,20.765840780691303,7.75,33.0,47.8,62.9,133.0
2022,Milano,no2 µg/m³,MILANO PASCAL CITT� STUDI,1368.0,48.796023391812874,24.035090835907162,2.87,31.375,47.1,65.625,139.0
2022,Milano,no2 µg/m³,S. GIULIANO,1415.0,47.559618374558305,20.43899636860418,7.43,33.2,44.7,59.5,127.0
2022,Milano,no2 µg/m³,SESTO S.GIOVANNI,1397.0,61.527057981388694,24.158042157127447,13.0,43.6,59.6,77.3,159.0
2022,Milano,o3 µg/m³,LIMITO,1200.0,27.36368333333333,28.175537022480036,2.0,3.67,14.1,50.2,102.0
2022,Milano,o3 µg/m³,MILANO PASCAL CITT� STUDI,1387.0,26.733532804614274,26.448177283018595,2.0,4.215,14.0,48.9,95.4
2022,Napoli,no2 µg/m³,IT0898A,4256.0,42.85415413533835,25.439676147321226,2.89,23.4,37.5,57.7,139.0
2022,Napoli,no2 µg/m³,IT1495A,4310.0,40.910830626450114,24.790111559858573,0.71,22.0,35.6,54.9,141.0
2022,Napoli,no2 µg/m³,IT1496A,4451.0,36.47884969669737,21.581391854139024,0.0,21.2,32.2,46.5,146.0
2022,Napoli,no2 µg/m³,IT1497A,4310.0,20.191276102088167,18.67055461797355,0.0,7.59,14.1,26.8,133.0
2022,Napoli,no2 µg/m³,NA07 ENTE FERROVIE,4455.0,54.1199012345679,32.43345851359739,0.0,27.4,49.8,74.7,242.0
2022,Napoli,no2 µg/m³,NA09 I.T.I.S. ARGINE,4344.0,39.98895948434622,24.962352038975062,2.42,19.1,35.25,56.7,139.0
2022,Napoli,o3 µg/m³,IT1497A,4306.0,66.6177078495123,28.09622656175797,0.26,47.1,67.65,83.875,195.0
2022,Napoli,pm10 µg/m³,IT0898A,4143.0,25.919623461259956,13.821275688737101,0.0,16.4,23.7,32.5,112.0
2022,Napoli,pm10 µg/m³,NA07 ENTE FERROVIE,4384.0,28.80107208029197,20.000899163915044,0.0,17.1,25.3,35.2,442.0
2022,Napoli,pm10 µg/m³,NA09 I.T.I.S. ARGINE,4531.0,32.298276318693446,30.423103377620716,0.0,17.85,25.2,37.3,424.0
2022,Napoli,pm25 µg/m³,IT0898A,4175.0,16.282946107784433,10.355347011589917,0.0,9.6,14.3,19.9,111.0
2022,Napoli,pm25 µg/m³,NA09 I.T.I.S. ARGINE,4552.0,20.490092267135328,16.911841438201247,0.0,10.9,16.3,24.2,259.0
2022,Roma,no2 µg/m³,ARENULA,5295.0,33.42511803588291,20.818889355697276,4.0,17.0,28.0,46.0,125.0
2022,Roma,no2 µg/m³,BUFALOTTA,5141.0,29.083835829605135,19.955869926047786,1.0,15.0,22.0,38.0,114.0
2022,Roma,no2 µg/m³,C.SO FRANCIA,5218.0,38.851284016864696,17.02847797042034,0.0,26.0,37.0,49.0,108.0
2022,Roma,no2 µg/m³,CINECITTA,69.0,20.246376811594203,13.54665771357888,5.0,9.0,16.0,27.0,55.0
2022,Roma,no2 µg/m³,CIPRO,12621.0,32.93447428888361,18.42689072851184,1.0,19.0,29.0,43.0,118.0
2022,Roma,no2 µg/m³,Fermi,6635.0,45.80949510173323,23.54664003910604,5.0,28.0,41.0,58.0,301.0
2022,Roma,no2 µg/m³,IT0825A,1.0,37.0,,37.0,37.0,37.0,37.0,37.0
2022,Roma,no2 µg/m³,IT1176A,6810.0,29.470631424375917,20.86608592488712,1.0,13.0,23.0,42.0,124.0
2022,Roma,no2 µg/m³,IT1835A,6294.0,28.47473784556721,18.820501157928877,1.0,15.0,23.0,37.0,122.0
2022,Roma,no2 µg/m³,IT1906A,4896.0,30.461805555555557,17.963445220098023,3.0,16.0,27.0,41.25,119.0
2022,Roma,no2 µg/m³,IT2012A,6282.0,16.85705189430118,15.191656936339593,1.0,6.0,12.0,24.0,133.0
2022,Roma,no2 µg/m³,L.GO MAGNA GRECIA,7083.0,37.31709727516589,18.496829527208064,2.0,23.0,34.0,48.0,154.0
2022,Roma,no2 µg/m³,L.GO PERESTRELLO,5334.0,29.283464566929133,22.02777426847132,1.0,12.0,22.0,41.0,124.0
2022,Roma,no2 µg/m³,Malagrotta,5312.0,15.990963855421686,15.375471215353224,0.0,5.0,10.0,22.0,133.0
2022,Roma,no2 µg/m³,TIBURTINA,7594.0,34.572952330787466,17.32227997214166,0.0,22.0,32.0,44.0,238.0
2022,Roma,no2 µg/m³,VILLA ADA,7822.0,24.225901304014318,12.831443090038407,2.0,15.0,21.0,31.0,129.0
2022,Roma,o3 µg/m³,ARENULA,5435.0,37.55988960441582,25.362122491164996,0.0,13.0,40.0,58.0,109.0
2022,Roma,o3 µg/m³,BUFALOTTA,5471.0,47.60043867665875,34.575097924906174,0.0,14.0,48.0,75.0,194.0
2022,Roma,o3 µg/m³,CINECITTA,68.0,45.955882352941174,30.556252907500724,0.0,17.75,48.0,73.0,94.0
2022,Roma,o3 µg/m³,CIPRO,12847.0,49.42313380555772,30.813549680160452,0.0,21.0,51.0,74.0,147.0
2022,Roma,o3 µg/m³,IT1176A,6751.0,54.15879129017923,34.13968642208161,2.0,26.0,53.0,79.0,179.0
2022,Roma,o3 µg/m³,IT1835A,6464.0,48.04919554455446,31.54442835441536,2.0,23.0,47.0,69.0,374.0
2022,Roma,o3 µg/m³,IT1906A,6402.0,37.70431115276476,22.814245724999406,2.0,18.0,38.0,56.0,109.0
2022,Roma,o3 µg/m³,IT2012A,6571.0,58.33876122355806,29.76703026749853,2.0,35.0,62.0,81.0,154.0
2022,Roma,o3 µg/m³,L.GO PERESTRELLO,5458.0,52.662513741297175,39.25699509609696,0.0,14.0,53.0,84.0,179.0
2022,Roma,o3 µg/m³,Malagrotta,5387.0,62.95396324484871,30.246317004374852,1.0,41.0,67.0,87.0,154.0
2022,Roma,o3 µg/m³,VILLA ADA,7744.0,45.39139979338843,36.02781128163837,0.0,13.0,40.0,72.0,229.0
2022,Roma,pm10 µg/m³,ARENULA,92.0,24.42391304347826,11.90275034765114,6.0,16.0,22.0,28.25,60.0
2022,Roma,pm10 µg/m³,BUFALOTTA,86.0,29.976744186046513,14.814918350958065,5.0,20.5,28.0,35.75,80.0
2022,Roma,pm10 µg/m³,C.SO FRANCIA,90.0,26.58888888888889,10.333641411379451,4.0,20.0,25.0,32.0,58.0
2022,Roma,pm10 µg/m³,CINECITTA,3.0,17.333333333333332,3.2145502536643185,15.0,15.5,16.0,18.5,21.0
2022,Roma,pm10 µg/m³,CIPRO,88.0,29.170454545454547,13.9771748176435,4.0,20.0,28.0,36.25,71.0
2022,Roma,pm10 µg/m³,Fermi,91.0,32.16483516483517,12.207705887187936,8.0,24.0,30.0,38.0,68.0
2022,Roma,pm10 µg/m³,L.GO MAGNA GRECIA,92.0,21.92391304347826,10.337421294758308,3.0,15.0,21.0,27.25,52.0
2022,Roma,pm10 µg/m³,L.GO PERESTRELLO,90.0,28.68888888888889,15.199530185261784,7.0,19.25,25.0,34.75,117.0
2022,Roma,pm10 µg/m³,Malagrotta,92.0,25.23913043478261,13.084148252724873,7.0,16.0,22.0,29.25,63.0
2022,Roma,pm10 µg/m³,TIBURTINA,92.0,31.869565217391305,15.384605828950688,3.0,21.0,28.0,40.0,80.0
2022,Roma,pm10 µg/m³,VILLA ADA,92.0,23.76086956521739,9.840898696137206,5.0,17.0,22.0,28.25,55.0
2022,Roma,pm25 µg/m³,ARENULA,92.0,14.48913043478261,6.742508362306038,3.0,10.0,14.0,18.0,34.0
2022,Roma,pm25 µg/m³,C.SO FRANCIA,87.0,15.655172413793103,6.9547166297528165,2.0,11.0,15.0,20.5,31.0
2022,Roma,pm25 µg/m³,CINECITTA,3.0,7.666666666666667,1.1547005383792517,7.0,7.0,7.0,8.0,9.0
2022,Roma,pm25 µg/m³,CIPRO,87.0,14.862068965517242,7.087775939082041,0.0,10.0,14.0,19.0,35.0
2022,Roma,pm25 µg/m³,Malagrotta,92.0,14.804347826086957,8.070076501175834,4.0,10.0,13.0,19.0,43.0
2022,Roma,pm25 µg/m³,VILLA ADA,90.0,12.755555555555556,5.9535866087691085,2.0,9.0,12.0,16.0,31.0
2022,Torino,no2 µg/m³,Borgaro T. - Caduti,6937.0,22.65734467348998,16.3094909970067,0.0,11.0,18.0,31.0,105.0
2022,Torino,no2 µg/m³,Settimo T. - Vivaldi,7453.0,27.545417952502348,17.062764515371338,3.0,15.0,23.0,36.0,112.0
2022,Torino,no2 µg/m³,Torino - Consolata,7232.0,39.36338495575221,19.532819823236768,0.0,26.0,35.0,49.0,144.0
2022,Torino,no2 µg/m³,Torino - Rebaudengo,7544.0,47.466065747613996,22.57380052073213,7.0,31.0,43.0,59.0,314.0
2022,Torino,no2 µg/m³,Torino - Rubino,7413.0,26.198165385134224,17.93172988673636,0.0,11.0,22.0,38.0,92.0
2022,Torino,o3 µg/m³,Borgaro T. - Caduti,6650.0,52.56451127819549,40.33659855309762,0.0,17.0,46.0,80.0,197.0
2022,Torino,o3 µg/m³,Torino - Rubino,7044.0,57.297274275979554,47.42546482185438,1.0,11.0,50.0,90.0,212.0
2022,Torino,pm10 µg/m³,Torino - Rubino,4678.0,25.21120136810603,17.41157649845954,0.0,12.0,21.0,35.0,156.0
2022,Torino,pm25 µg/m³,Torino - Rubino,5270.0,17.938140417457305,13.897189357546132,0.0,8.0,15.0,25.0,260.0
2023,Firenze,no2 µg/m³,FI-BASSI,6184.0,15.065734152652006,12.416204847768935,0.0,6.0,11.0,21.0,95.0
2023,Firenze,no2 µg/m³,FI-GRAMSCI,4748.0,39.84024852569503,19.765952422935424,1.0,25.0,39.0,52.0,470.0
2023,Firenze,no2 µg/m³,FI-MOSSE,6217.0,29.82612192375744,14.39474422018915,3.0,18.0,28.0,39.0,101.0
2023,Firenze,no2 µg/m³,FI-SCANDICCI,4000.0,14.103,9.90120697061064,2.0,7.0,12.0,18.0,95.0
2023,Firenze,no2 µg/m³,FI-SETTIGNANO,6037.0,4.832201424548617,5.536567695731247,0.0,2.0,3.0,6.0,69.0
2023,Firenze,o3 µg/m³,FI-SETTIGNANO,6207.0,61.82713065893346,29.03774065042559,0.0,40.0,61.0,82.0,154.0
2023,Firenze,pm10 µg/m³,FI-BASSI,4979.0,20.35127535649729,9.691801709172806,5.0,14.0,18.0,25.0,68.0
2023,Firenze,pm10 µg/m³,FI-BOBOLI,5183.0,18.650202585375265,9.317223599004226,2.0,13.0,17.0,23.0,59.0
2023,Firenze,pm10 µg/m³,FI-GRAMSCI,5020.0,29.0,10.801861653544135,12.0,22.0,27.0,33.0,82.0
2023,Firenze,pm10 µg/m³,FI-MOSSE,5017.0,27.40063783137333,12.985336457345817,0.0,19.0,25.0,34.0,83.0
2023,Firenze,pm10 µg/m³,FI-SCANDICCI,4906.0,18.235629841011008,8.914220412718219,2.0,13.0,17.0,22.0,52.0
2023,Firenze,pm25 µg/m³,FI-BASSI,4979.0,10.931914038963647,6.490558071985747,2.0,7.0,10.0,13.0,54.0
2023,Firenze,pm25 µg/m³,FI-GRAMSCI,5020.0,13.360557768924302,7.1440001736716106,4.0,9.0,12.0,16.0,59.0
2023,Napoli,no2 µg/m³,IT0898A,5794.0,40.32833966171901,22.428988736784326,2.05,23.6,36.150000000000006,53.8,158.0
2023,Napoli,no2 µg/m³,IT1495A,5818.0,39.99229632176005,21.969097043651605,1.94,23.3,35.8,53.5,198.0
2023,Napoli,no2 µg/m³,IT1496A,5913.0,38.347361745306955,22.120122332771672,2.21,22.9,33.3,49.1,276.0
2023,Napoli,no2 µg/m³,IT1497A,5683.0,21.25761393630125,18.47024646119745,0.0,8.52,15.0,28.25,152.0
2023,Napoli,no2 µg/m³,NA07 ENTE FERROVIE,5896.0,53.30306478968792,29.675130586995884,3.01,30.9,49.55,71.6,198.0
2023,Napoli,no2 µg/m³,NA09 I.T.I.S. ARGINE,5819.0,35.60811995188177,21.74620365643663,1.5,17.1,32.5,50.9,220.0
2023,Napoli,o3 µg/m³,IT1497A,5731.0,63.373510731111494,28.39304856720447,0.0,44.849999999999994,64.5,81.7,193.0
2023,Napoli,pm10 µg/m³,IT0898A,6032.0,23.510610079575596,15.556688772691023,0.0,14.4,20.8,29.4,429.0
2023,Napoli,pm10 µg/m³,NA07 ENTE FERROVIE,5968.0,27.86484584450402,16.85887431434865,0.0,17.7,25.7,34.8,370.0
2023,Napoli,pm10 µg/m³,NA09 I.T.I.S. ARGINE,6027.0,27.48533266965323,18.967619373578803,0.0,15.9,23.6,33.9,214.0
2023,Napoli,pm25 µg/m³,IT0898A,6033.0,13.336142880822145,12.871568466659994,0.0,6.4,11.0,17.8,348.0
2023,Napoli,pm25 µg/m³,NA09 I.T.I.S. ARGINE,6026.0,17.42784600066379,14.496329067103762,0.0,9.2,14.5,21.6,304.0
2023,Roma,no2 µg/m³,ARENULA,6838.0,31.510529394559814,18.113874198508455,0.0,18.0,28.0,42.0,124.0
2023,Roma,no2 µg/m³,BUFALOTTA,6245.0,29.08134507606085,15.77390032828031,0.0,18.0,25.0,36.0,113.0
2023,Roma,no2 µg/m³,C.SO FRANCIA,6962.0,34.58316575696639,13.29476603987374,3.0,25.0,33.0,42.0,115.0
2023,Roma,no2 µg/m³,CINECITTA,5464.0,22.50064055636896,17.357303725916864,1.0,10.0,17.0,31.0,239.0
2023,Roma,no2 µg/m³,CIPRO,13133.0,28.910111931774917,16.300492997818676,0.0,17.0,25.0,38.0,121.0
2023,Roma,no2 µg/m³,Fermi,6987.0,45.62594818949478,22.787557646858733,1.0,28.0,42.0,60.0,162.0
2023,Roma,no2 µg/m³,IT0825A,5013.0,34.104129263913826,12.19644706193588,4.0,25.0,33.0,42.0,100.0
2023,Roma,no2 µg/m³,IT1176A,6185.0,24.629264349232013,16.29933501663806,1.0,12.0,21.0,34.0,363.0
2023,Roma,no2 µg/m³,IT1835A,5464.0,28.51949121522694,15.431517620650197,3.0,18.0,25.0,35.0,240.0
2023,Roma,no2 µg/m³,IT1906A,6181.0,31.411179420805695,18.08027424426687,1.0,18.0,28.0,42.0,188.0
2023,Roma,no2 µg/m³,IT2012A,6082.0,16.05253206182177,12.665367034519772,1.0,7.0,12.0,21.0,95.0
2023,Roma,no2 µg/m³,L.GO MAGNA GRECIA,7103.0,33.206039701534564,17.247787114955585,0.0,21.0,31.0,43.0,132.0
2023,Roma,no2 µg/m³,L.GO PERESTRELLO,6809.0,24.56447349096784,15.703058000672453,0.0,12.0,21.0,34.0,119.0
2023,Roma,no2 µg/m³,Malagrotta,6906.0,16.282797567332754,12.785937108437233,0.0,7.0,12.0,22.0,95.0
2023,Roma,no2 µg/m³,TIBURTINA,7104.0,33.88133445945946,16.222690759354577,1.0,23.0,31.0,42.0,255.0
2023,Roma,no2 µg/m³,VILLA ADA,6732.0,18.75289661319073,13.506900757593435,0.0,8.0,16.0,25.0,125.0
2023,Roma,o3 µg/m³,ARENULA,7227.0,35.729002352290024,23.22190304909474,0.0,16.0,36.0,53.0,123.0
2023,Roma,o3 µg/m³,BUFALOTTA,7018.0,44.99294670846395,32.623106099348384,0.0,18.0,42.0,69.0,165.0
2023,Roma,o3 µg/m³,CINECITTA,5649.0,51.267392458842274,36.794129412487756,0.0,20.0,48.0,76.0,222.0
2023,Roma,o3 µg/m³,CIPRO,13748.0,45.5818664533023,27.14355497188484,0.0,22.0,45.0,66.0,137.0
2023,Roma,o3 µg/m³,IT1176A,6408.0,48.052434456928836,34.18347739390903,2.0,18.0,44.0,74.0,180.0
2023,Roma,o3 µg/m³,IT1835A,5621.0,50.102472869596156,30.846950210680436,2.0,25.0,47.0,73.0,165.0
2023,Roma,o3 µg/m³,IT1906A,6366.0,36.52686145146089,22.80998701728004,2.0,17.0,36.0,54.0,123.0
2023,Roma,o3 µg/m³,IT2012A,6373.0,53.64114231915895,27.240691760375526,2.0,32.0,54.0,75.0,124.0
2023,Roma,o3 µg/m³,L.GO PERESTRELLO,7117.0,46.45405367430097,34.658812352506686,0.0,15.0,42.0,72.0,180.0
2023,Roma,o3 µg/m³,Malagrotta,7057.0,53.41575740399603,26.619915885236324,0.0,33.0,55.0,74.0,124.0
2023,Roma,o3 µg/m³,VILLA ADA,6815.0,43.76030814380044,36.90043583960835,0.0,9.0,38.0,71.0,180.0
2023,Roma,pm10 µg/m³,ARENULA,301.0,21.07308970099668,9.472133168154903,5.0,14.0,19.0,26.0,61.0
2023,Roma,pm10 µg/m³,BUFALOTTA,293.0,23.218430034129693,10.826151189668497,0.0,16.0,22.0,29.0,74.0
2023,Roma,pm10 µg/m³,C.SO FRANCIA,295.0,23.847457627118644,11.285734718670524,4.0,16.0,22.0,30.0,67.0
2023,Roma,pm10 µg/m³,CINECITTA,236.0,24.406779661016948,9.710478909359542,7.0,18.0,23.0,28.0,75.0
2023,Roma,pm10 µg/m³,CIPRO,291.0,22.97938144329897,11.079940913675985,0.0,16.0,21.0,29.0,64.0
2023,Roma,pm10 µg/m³,Fermi,293.0,25.61433447098976,10.334047297418389,7.0,18.0,24.0,31.0,68.0
2023,Roma,pm10 µg/m³,L.GO MAGNA GRECIA,290.0,22.575862068965517,10.696316190638408,2.0,14.0,21.0,30.0,66.0
2023,Roma,pm10 µg/m³,L.GO PERESTRELLO,264.0,23.359848484848484,10.51502896798141,6.0,16.0,21.0,27.0,70.0
2023,Roma,pm10 µg/m³,Malagrotta,300.0,20.446666666666665,9.360156550920934,5.0,14.0,19.0,23.25,59.0
2023,Roma,pm10 µg/m³,TIBURTINA,282.0,29.20212765957447,13.17058605734632,1.0,21.0,27.0,35.0,90.0
2023,Roma,pm10 µg/m³,VILLA ADA,271.0,21.782287822878228,9.890915207167115,2.0,14.5,20.0,27.0,56.0
2023,Roma,pm25 µg/m³,ARENULA,296.0,11.625,6.7209197816864625,1.0,8.0,10.0,14.0,46.0
2023,Roma,pm25 µg/m³,C.SO FRANCIA,293.0,12.95221843003413,7.372972453592919,1.0,8.0,11.0,16.0,47.0
2023,Roma,pm25 µg/m³,CINECITTA,237.0,12.109704641350211,6.140014519707925,3.0,8.0,11.0,15.0,47.0
2023,Roma,pm25 µg/m³,CIPRO,289.0,11.778546712802768,6.9716257742493895,0.0,7.0,10.0,14.0,46.0
2023,Roma,pm25 µg/m³,Malagrotta,300.0,11.726666666666667,7.419937587443763,3.0,7.0,10.0,14.0,47.0
2023,Roma,pm25 µg/m³,VILLA ADA,270.0,11.462962962962964,7.492035332184273,0.0,7.0,10.0,14.0,61.0
2023,Torino,no2 µg/m³,Borgaro T. - Caduti,6648.0,19.242930204572804,14.115657722796211,0.0,9.0,15.0,26.0,112.0
2023,Torino,no2 µg/m³,Settimo T. - Vivaldi,6420.0,22.672897196261683,15.15462745017092,0.0,12.0,19.0,29.0,119.0
2023,Torino,no2 µg/m³,Torino - Consolata,6619.0,33.01699652515486,15.634743382875559,1.0,22.0,30.0,41.0,125.0
2023,Torino,no2 µg/m³,Torino - Rebaudengo,6691.0,42.64071140337767,20.016130528834545,5.0,28.0,39.0,53.0,179.0
2023,Torino,no2 µg/m³,Torino - Rubino,6685.0,26.1773373223635,15.029583915388656,0.0,15.0,23.0,35.0,103.0
2023,Torino,o3 µg/m³,Borgaro T. - Caduti,6587.0,41.82936086230454,33.570047695512145,1.0,12.0,35.0,65.0,149.0
2023,Torino,o3 µg/m³,Torino - Rubino,6448.0,47.28706575682382,40.01570120195394,0.0,9.0,40.0,77.0,204.0
2023,Torino,pm10 µg/m³,Torino - Rubino,6370.0,21.548744113029827,16.144747374602918,0.0,10.0,17.0,28.0,136.0
2023,Torino,pm25 µg/m³,Torino - Rubino,6206.0,14.956332581372864,13.488295377418357,0.0,6.0,11.0,19.0,303.0
2024,Firenze,no2 µg/m³,FI-BASSI,4107.0,17.409788166544924,13.7404736207625,1.0,7.0,13.0,23.0,80.0
2024,Firenze,no2 µg/m³,FI-GRAMSCI,4044.0,38.59124629080119,18.366304211193633,2.0,24.0,37.0,51.0,269.0
2024,Firenze,no2 µg/m³,FI-MOSSE,4244.0,31.660226201696513,12.863448667254618,0.0,22.0,31.0,40.0,76.0
2024,Firenze,no2 µg/m³,FI-SCANDICCI,4262.0,19.048099483810418,13.955953270345569,2.0,9.0,15.0,25.0,76.0
2024,Firenze,no2 µg/m³,FI-SETTIGNANO,4242.0,5.542904290429043,6.1740206787362135,0.0,2.0,4.0,6.0,56.0
2024,Firenze,o3 µg/m³,FI-SETTIGNANO,4261.0,53.22060549166862,26.371126223935523,0.0,33.0,51.0,71.0,141.0
2024,Firenze,pm10 µg/m³,FI-BASSI,2418.0,21.965260545905707,13.419045522739516,0.0,13.0,19.0,28.75,159.0
2024,Firenze,pm10 µg/m³,FI-BOBOLI,2580.0,19.06434108527132,11.378900621942108,0.0,12.0,17.0,24.0,145.0
2024,Firenze,pm10 µg/m³,FI-GRAMSCI,2413.0,31.629506837961046,15.893258934717489,0.0,21.0,29.0,39.0,156.0
2024,Firenze,pm10 µg/m³,FI-MOSSE,2573.0,29.565099106101826,16.11815270968834,3.0,18.0,26.0,40.0,158.0
2024,Firenze,pm10 µg/m³,FI-SCANDICCI,2467.0,19.77340899878395,12.05344841387665,0.0,11.0,18.0,25.0,140.0
2024,Firenze,pm25 µg/m³,FI-BASSI,2400.0,12.502083333333333,8.53797611213729,0.0,6.0,10.0,15.0,51.0
2024,Firenze,pm25 µg/m³,FI-GRAMSCI,2400.0,15.315416666666666,8.789754674491089,0.0,9.0,13.0,18.0,48.0
2024,Milano,no2 µg/m³,CINISELLO B.,4745.0,39.342701791359325,20.183922923850012,3.09,24.1,36.1,50.7,123.0
2024,Milano,no2 µg/m³,Cormano-Edison,4958.0,26.62415288422751,19.350762006557748,1.05,11.9,21.1,35.7,129.0
2024,Milano,no2 µg/m³,LIMITO,4755.0,27.919737118822294,19.055330628516913,1.55,12.7,22.7,38.9,118.0
2024,Milano,no2 µg/m³,MILANO - SENATO,4746.0,27.07247125368731,18.683305858035776,0.0,13.8,21.6,35.6,139.0
2024,Milano,no2 µg/m³,MILANO - V.LE LIGURIA,4569.0,33.08704583059751,20.22002476025087,0.0,17.5,29.5,45.7,118.0
2024,Milano,no2 µg/m³,MILANO - V.LE MARCHE,4828.0,36.806930405965204,18.57204388505727,1.57,22.4,35.0,48.0,118.0
2024,Milano,no2 µg/m³,MILANO - VERZIERE,4714.0,32.526726771319474,20.476462041290926,3.32,17.3,26.7,42.575,119.0
2024,Milano,no2 µg/m³,MILANO PASCAL CITT� STUDI,4928.0,22.030021895292208,16.396981130630852,0.0339,10.2,17.7,29.7,136.0
2024,Milano,no2 µg/m³,S. GIULIANO,4822.0,27.924767731231857,16.119016486407627,1.68,15.7,24.1,37.2,107.0
2024,Milano,no2 µg/m³,SESTO S.GIOVANNI,4980.0,30.872050200803212,21.374710322416824,0.93,14.9,23.9,41.1,124.0
2024,Milano,o3 µg/m³,Cormano-Edison,4882.0,55.968742666939775,42.85708922538731,0.0,16.7,51.6,85.7,203.0
2024,Milano,o3 µg/m³,LIMITO,4890.0,54.2365254396728,41.59328275890889,0.0259,17.3,50.3,81.275,196.0
2024,Milano,o3 µg/m³,MILANO - VERZIERE,3722.0,64.93456211714133,41.80186446997553,0.0164,32.925,64.75,90.2,202.0
2024,Milano,o3 µg/m³,MILANO PASCAL CITT� STUDI,4939.0,47.77884531281635,35.27370327729508,0.244,16.2,44.8,71.8,384.0
2024,Milano,pm10 µg/m³,LIMITO,2003.0,33.761557663504746,26.95688254330592,0.0,15.35,24.6,45.0,118.0
2024,Milano,pm10 µg/m³,MILANO - SENATO,1768.0,35.734445701357465,27.676674868575965,4.4,16.8,25.1,48.9,136.0
2024,Milano,pm10 µg/m³,MILANO - V.LE MARCHE,4927.0,29.052923137812055,24.487549882537554,0.0,12.5,22.4,35.9,276.0
2024,Milano,pm10 µg/m³,MILANO - VERZIERE,4154.0,28.29645767934521,29.54925365417137,0.0,12.3,20.5,34.4,487.0
2024,Milano,pm10 µg/m³,MILANO PASCAL CITT� STUDI,1821.0,32.74124107633169,25.66029057756006,3.3,14.1,23.3,42.9,113.0
2024,Milano,pm25 µg/m³,MILANO - SENATO,1192.0,31.454026845637582,23.707255682935365,4.2,12.1,24.0,43.4,118.0
2024,Milano,pm25 µg/m³,MILANO - V.LE MARCHE,4818.0,16.913302407638025,17.0782191953022,0.0,6.35,10.5,19.7,83.9
2024,Milano,pm25 µg/m³,MILANO PASCAL CITT� STUDI,1827.0,20.304871373836892,18.444044424239355,2.0,7.05,12.1,26.4,83.4
2024,Milano,pm25 µg/m³,SESTO S.GIOVANNI,2003.0,24.249026460309537,21.725027870289004,1.0,8.4,14.4,34.5,90.6
2024,Napoli,no2 µg/m³,Casoria Scuola Palizzi (CAM),3664.0,29.903744541484713,22.596788594192983,0.0,13.0,23.75,42.125,128.0
2024,Napoli,no2 µg/m³,IT0898A,523.0,40.26753346080306,22.721366390422578,3.45,20.9,37.5,55.650000000000006,107.0
2024,Napoli,no2 µg/m³,IT1495A,624.0,44.281121794871794,23.88081740962977,5.33,24.3,39.55,62.55,115.0
2024,Napoli,no2 µg/m³,IT1496A,656.0,40.914618902439024,21.315314291982496,4.39,24.6,37.6,55.05,97.4
2024,Napoli,no2 µg/m³,IT1497A,623.0,22.330128410914924,19.080761644526998,0.0,7.325,16.4,32.95,90.0
2024,Napoli,no2 µg/m³,NA01 OSSERVATORIO ASTRONOMICO,3465.0,19.476513708513707,19.810417418725855,0.0,5.31,13.1,27.7,162.0
2024,Napoli,no2 µg/m³,NA02 OSPEDALE SANTOBONO,3920.0,42.82090051020408,21.31447676595367,0.0,27.3,38.8,55.1,135.0
2024,Napoli,no2 µg/m³,NA06 MUSEO NAZIONALE,3716.0,44.08090419806243,23.175530383351212,2.49,27.1,40.2,58.0,151.0
2024,Napoli,no2 µg/m³,NA07 ENTE FERROVIE,4378.0,51.08068524440384,25.987469480740103,3.34,31.625,48.5,67.0,198.0
2024,Napoli,no2 µg/m³,NA08 OSPEDALE NUOVO PELLEGRINI,4841.0,38.538217310473044,22.687657126543705,0.56,21.0,34.8,52.3,226.0
2024,Napoli,no2 µg/m³,NA09 I.T.I.S. ARGINE,4362.0,36.244853278312696,22.18255215117246,1.28,17.225,33.849999999999994,51.9,121.0
2024,Napoli,no2 µg/m³,Portici parco reggia,3735.0,19.288998661311915,17.379239953898992,0.0,4.85,13.7,29.1,82.1
2024,Napoli,no2 µg/m³,Tirrenopower Via Epomeo,3592.0,23.150935412026726,14.466698168746095,0.0,12.8,19.3,30.3,199.0
2024,Napoli,no2 µg/m³,Tirrenopower Volla,3751.0,26.95346840842442,18.03792303325418,0.08,12.1,23.4,38.150000000000006,102.0
2024,Napoli,o3 µg/m³,Casoria Scuola Palizzi (CAM),3716.0,49.8951695371367,30.78386489321933,0.34,21.475,52.6,74.7,149.0
2024,Napoli,o3 µg/m³,IT1497A,629.0,45.854419713831476,18.85657696312443,2.13,31.7,48.3,61.9,81.8
2024,Napoli,o3 µg/m³,NA01 OSSERVATORIO ASTRONOMICO,3455.0,69.93631548480464,26.412520679369774,0.0,52.6,71.5,89.2,166.0
2024,Napoli,o3 µg/m³,Portici parco reggia,3753.0,54.44317612576605,29.03828678390832,0.25,31.5,56.9,76.9,429.0
2024,Napoli,pm10 µg/m³,IT0898A,538.0,23.678624535315986,24.21984135833696,0.0,11.625,19.95,29.275,398.0
2024,Napoli,pm10 µg/m³,NA06 MUSEO NAZIONALE,3316.0,26.487665862484924,19.845486742643047,0.0,15.0,22.1,31.7,302.0
2024,Napoli,pm10 µg/m³,NA07 ENTE FERROVIE,4031.0,30.126345819895807,20.697707057490668,0.0,17.3,25.7,36.8,200.0
2024,Napoli,pm10 µg/m³,NA09 I.T.I.S. ARGINE,4039.0,31.247685070562017,23.531606767321687,0.0,16.4,24.9,38.0,200.0
2024,Napoli,pm10 µg/m³,Tirrenopower Via Epomeo,3796.0,19.228672286617492,15.434636637915581,0.0,10.6,15.5,23.2,173.0
2024,Napoli,pm10 µg/m³,Tirrenopower Volla,3888.0,33.54941358024691,28.546662453653862,1.71,14.5,25.0,42.2,215.0
2024,Napoli,pm25 µg/m³,IT0898A,538.0,13.24460966542751,11.609680139375195,0.0,5.825,10.3,17.175,113.0
2024,Napoli,pm25 µg/m³,NA06 MUSEO NAZIONALE,3318.0,14.602983725135623,11.829278511636076,0.0,7.5,12.1,18.8,251.0
2024,Napoli,pm25 µg/m³,NA09 I.T.I.S. ARGINE,4029.0,18.737155621742367,17.696040882369225,0.0,8.4,13.8,22.8,200.0
2024,Napoli,pm25 µg/m³,Tirrenopower Via Epomeo,3798.0,9.95266719325961,7.483922795998692,0.0,5.2,8.02,12.1,118.0
2024,Napoli,pm25 µg/m³,Tirrenopower Volla,3888.0,18.533659979423867,19.709647907500436,0.8,7.41,12.3,20.8,171.0
2024,Palermo,no2 µg/m³,PA - Belgio,3372.0,32.853081257414,22.44465390997277,1.56,16.3,26.85,44.3,133.0
2024,Palermo,no2 µg/m³,PA - Boccadifalco,3468.0,11.216691176470588,12.389631742618318,0.159,2.41,6.675,15.6,96.9
2024,Palermo,no2 µg/m³,PA - Castelnuovo,3416.0,35.929180327868856,20.843945422179246,2.34,20.0,31.5,48.8,132.0
2024,Palermo,no2 µg/m³,PA - Di Blasi,3558.0,51.51480044969084,23.421318639827174,2.96,35.3,47.9,66.175,157.0
2024,Palermo,no2 µg/m³,PA - Indipendenza,3359.0,31.963601071747544,19.91464589372591,0.114,17.1,27.6,42.45,121.0
2024,Palermo,no2 µg/m³,PA - UNIPA,3407.0,15.024093601408863,15.119200090400433,0.0335,4.715,9.49,20.1,102.0
2024,Palermo,o3 µg/m³,PA - Boccadifalco,3141.0,68.36249602037567,13.56911163104631,14.3,59.9,69.3,78.4,111.0
2024,Palermo,o3 µg/m³,PA - UNIPA,3547.0,70.41123202706513,23.434637984179155,2.69,54.5,74.8,88.9,120.0
2024,Roma,no2 µg/m³,ARENULA,6945.0,27.744996400287977,17.489156402750094,3.0,14.0,23.0,37.0,116.0
2024,Roma,no2 µg/m³,BUFALOTTA,8243.0,30.191192526992598,15.452177796758543,0.0,20.0,26.0,37.0,119.0
2024,Roma,no2 µg/m³,C.SO FRANCIA,8371.0,33.74722255405567,12.514408054380322,2.0,24.0,33.0,42.0,102.0
2024,Roma,no2 µg/m³,CINECITTA,7984.0,27.942134268537075,18.49270439931675,1.0,13.0,23.0,39.0,124.0
2024,Roma,no2 µg/m³,CIPRO,16728.0,28.041278096604497,15.28473647063507,0.0,17.0,24.0,36.0,96.0
2024,Roma,no2 µg/m³,FERMI,4409.0,45.48015422998412,24.916332378862613,5.0,25.0,39.0,63.0,125.0
2024,Roma,no2 µg/m³,Fermi,8359.0,43.66138294054313,23.613608616524022,0.0,25.0,38.0,58.0,130.0
2024,Roma,no2 µg/m³,IT0825A,655.0,34.93129770992366,11.967968743120519,8.0,26.0,35.0,44.0,69.0
2024,Roma,no2 µg/m³,IT1176A,643.0,30.892690513219286,13.66930274205356,5.0,21.0,31.0,40.0,89.0
2024,Roma,no2 µg/m³,IT1835A,609.0,38.476190476190474,17.132125139031896,9.0,26.0,35.0,48.0,95.0
2024,Roma,no2 µg/m³,IT1906A,659.0,38.90591805766313,18.48223359998296,6.0,25.0,36.0,50.0,102.0
2024,Roma,no2 µg/m³,IT2012A,614.0,18.0814332247557,14.791973945747873,1.0,6.0,14.0,27.0,70.0
2024,Roma,no2 µg/m³,L.GO MAGNA GRECIA,8326.0,41.032188325726636,23.03408461123042,0.0,25.0,36.0,52.0,203.0
2024,Roma,no2 µg/m³,L.GO PERESTRELLO,8507.0,24.447043611143766,13.77239703015156,0.0,13.0,22.0,33.0,148.0
2024,Roma,no2 µg/m³,MALAGROTTA,4213.0,12.171374317588416,12.960018397440253,0.0,3.0,8.0,17.0,99.0
2024,Roma,no2 µg/m³,Malagrotta,8008.0,15.182942057942057,14.755096576100089,0.0,4.0,10.0,22.0,106.0
2024,Roma,no2 µg/m³,TIBURTINA,8538.0,32.063832279222304,16.451775365091887,2.0,21.0,29.0,40.0,124.0
2024,Roma,no2 µg/m³,VILLA ADA,14801.0,19.347408958854132,13.775844564126407,0.0,8.0,16.0,27.0,102.0
2024,Roma,o3 µg/m³,ARENULA,8659.0,33.7599607344959,22.680775358135993,0.0,13.0,33.0,51.0,196.0
2024,Roma,o3 µg/m³,BUFALOTTA,8413.0,42.74135266848924,31.53531555837767,0.0,15.0,40.0,67.0,156.0
2024,Roma,o3 µg/m³,CINECITTA,8254.0,41.34904288829658,31.87156045535807,0.0,11.0,40.0,65.0,167.0
2024,Roma,o3 µg/m³,CIPRO,17185.0,37.190485888856564,23.36678571156906,0.0,17.0,37.0,56.0,107.0
2024,Roma,o3 µg/m³,IT1176A,671.0,22.007451564828614,18.629416745349392,2.0,5.0,15.0,38.0,73.0
2024,Roma,o3 µg/m³,IT1835A,530.0,28.522641509433964,19.475360241220336,2.0,9.0,28.0,45.0,69.0
2024,Roma,o3 µg/m³,IT1906A,589.0,27.00339558573854,19.359031414146887,2.0,9.0,24.0,43.0,73.0
2024,Roma,o3 µg/m³,IT2012A,686.0,37.262390670553934,19.97694911347051,2.0,20.0,37.0,56.0,73.0
2024,Roma,o3 µg/m³,L.GO PERESTRELLO,8714.0,45.32912554509984,35.10578865515628,0.0,12.0,42.0,72.0,178.0
2024,Roma,o3 µg/m³,MALAGROTTA,4765.0,47.32318992654774,21.63215436179966,1.0,31.0,50.0,64.0,99.0
2024,Roma,o3 µg/m³,Malagrotta,8702.0,43.846874281774305,21.86278848895168,1.0,27.0,46.0,61.0,99.0
2024,Roma,o3 µg/m³,VILLA ADA,15302.0,47.699320350281006,37.05210490739846,0.0,11.0,47.0,76.0,182.0
2024,Roma,pm10 µg/m³,ARENULA,369.0,23.723577235772357,14.746020546276867,5.0,16.0,21.0,27.0,134.0
2024,Roma,pm10 µg/m³,BUFALOTTA,365.0,22.586301369863012,13.553367399873718,2.0,15.0,20.0,26.0,120.0
2024,Roma,pm10 µg/m³,C.SO FRANCIA,365.0,28.334246575342465,14.937343674091947,8.0,20.0,26.0,32.0,148.0
2024,Roma,pm10 µg/m³,CINECITTA,364.0,24.928571428571427,14.894314819135621,5.0,17.0,22.0,28.0,127.0
2024,Roma,pm10 µg/m³,CIPRO,692.0,24.82514450867052,14.285989538170991,6.0,17.0,22.0,27.0,130.0
2024,Roma,pm10 µg/m³,Fermi,362.0,26.980662983425415,14.353748498497781,7.0,19.0,25.0,30.0,127.0
2024,Roma,pm10 µg/m³,L.GO MAGNA GRECIA,369.0,26.132791327913278,12.917431476006206,7.0,19.0,24.0,29.0,123.0
2024,Roma,pm10 µg/m³,L.GO PERESTRELLO,311.0,27.411575562700964,13.047224192237124,7.0,19.0,24.0,33.0,119.0
2024,Roma,pm10 µg/m³,Malagrotta,368.0,21.42391304347826,13.039436051772954,5.0,14.0,19.0,24.0,116.0
2024,Roma,pm10 µg/m³,TIBURTINA,361.0,28.440443213296398,15.602258519654372,7.0,19.0,25.0,32.0,132.0
2024,Roma,pm10 µg/m³,VILLA ADA,635.0,23.154330708661416,13.652219033097998,5.0,15.0,21.0,27.0,121.0
2024,Roma,pm25 µg/m³,ARENULA,366.0,13.336065573770492,7.816677627701832,0.0,8.0,12.0,17.0,57.0
2024,Roma,pm25 µg/m³,C.SO FRANCIA,362.0,13.2292817679558,6.519089720555534,0.0,9.0,12.0,15.75,48.0
2024,Roma,pm25 µg/m³,CINECITTA,357.0,13.313725490196079,7.633247564772602,1.0,8.0,12.0,16.0,56.0
2024,Roma,pm25 µg/m³,CIPRO,688.0,11.892441860465116,6.749633738262438,3.0,7.75,10.0,14.0,41.0
2024,Roma,pm25 µg/m³,Malagrotta,369.0,10.75880758807588,6.953559824037182,2.0,6.0,9.0,13.0,59.0
2024,Roma,pm25 µg/m³,VILLA ADA,614.0,11.182410423452769,6.846436068454477,0.0,6.25,10.0,13.0,41.0
2024,Torino,no2 µg/m³,Borgaro T. - Caduti,5363.0,18.861644601901922,14.805385147721188,0.0,8.0,14.0,26.0,105.0
2024,Torino,no2 µg/m³,Settimo T. - Vivaldi,5327.0,21.033790125774356,16.127763441329424,0.0,9.0,16.0,29.0,114.0
2024,Torino,no2 µg/m³,Torino - Consolata,5404.0,35.075499629903774,17.07364586031213,5.0,22.0,32.0,45.0,110.0
2024,Torino,no2 µg/m³,Torino - Rebaudengo,5352.0,41.56203288490284,20.515052771630927,7.0,27.0,37.0,52.0,161.0
2024,Torino,no2 µg/m³,Torino - Rubino,5387.0,26.457768702431782,14.204523936274082,1.0,16.0,24.0,35.0,82.0
2024,Torino,no2 µg/m³,Torino Lingotto,4607.0,27.446928586932927,14.82461348604907,3.0,16.0,26.0,35.0,97.0
2024,Torino,o3 µg/m³,Borgaro T. - Caduti,5242.0,41.81533765738268,35.10604657566747,0.0,9.0,36.0,64.0,176.0
2024,Torino,o3 µg/m³,Torino - Rubino,4921.0,44.14143466775046,37.00388235364126,1.0,13.0,34.0,66.0,249.0
2024,Torino,o3 µg/m³,Torino Lingotto,4620.0,52.11753246753247,36.004092704351656,2.0,21.0,50.0,76.0,162.0
2024,Torino,pm10 µg/m³,Torino - Rubino,3666.0,27.211947626841244,21.868179531959306,0.0,11.0,21.0,39.0,156.0
2024,Torino,pm25 µg/m³,Torino - Rubino,3574.0,19.248740906547287,17.87833896120602,0.0,6.0,13.0,28.0,167.0
2025,Firenze,no2 µg/m³,FI-BASSI,3000.0,10.856666666666667,9.886389758469688,0.0,5.0,8.0,13.0,61.0
2025,Firenze,no2 µg/m³,FI-GRAMSCI,354.0,39.313559322033896,18.347155526327118,4.0,26.0,38.0,53.0,91.0
2025,Firenze,no2 µg/m³,FI-MOSSE,4000.0,23.7625,11.644440390074548,4.0,15.0,22.0,31.0,71.0
2025,Firenze,no2 µg/m³,FI-SCANDICCI,3000.0,12.086333333333334,8.521096344750934,1.0,6.0,10.0,16.0,56.0
2025,Firenze,no2 µg/m³,FI-SETTIGNANO,3000.0,3.078333333333333,2.753432588466373,0.0,2.0,2.0,4.0,34.0
2025,Firenze,o3 µg/m³,FI-SETTIGNANO,4000.0,66.188,28.50048640692572,0.0,44.0,65.0,87.0,144.0
2025,Firenze,pm10 µg/m³,FI-BASSI,1304.0,16.413343558282207,8.409976890491896,0.0,12.0,17.0,20.0,85.0
2025,Firenze,pm10 µg/m³,FI-BOBOLI,1356.0,16.01622418879056,7.6246658903436675,0.0,11.0,15.0,19.0,83.0
2025,Firenze,pm10 µg/m³,FI-GRAMSCI,336.0,27.452380952380953,15.826412657255139,0.0,20.0,26.0,34.0,106.0
2025,Firenze,pm10 µg/m³,FI-MOSSE,1335.0,20.492134831460675,10.517055022135636,0.0,15.0,19.0,23.0,154.0
2025,Firenze,pm10 µg/m³,FI-SCANDICCI,1346.0,15.00965824665676,7.101435764709312,0.0,11.0,14.0,19.0,85.0
2025,Firenze,pm25 µg/m³,FI-BASSI,1318.0,10.455235204855843,6.06512735549176,0.0,7.0,10.0,13.0,72.0
2025,Firenze,pm25 µg/m³,FI-GRAMSCI,326.0,12.785276073619633,7.143145035659847,0.0,9.0,13.0,18.0,32.0
2025,Milano,no2 µg/m³,CINISELLO B.,4923.0,35.361551289863904,19.45194411983027,0.707,21.1,32.0,45.5,143.0
2025,Milano,no2 µg/m³,Cormano-Edison,4974.0,20.848713711298757,12.392381523902836,0.692,12.0,17.6,25.975,94.8
2025,Milano,no2 µg/m³,LIMITO,5148.0,20.382946775446776,14.409195107037812,2.2,9.4,15.9,27.7,89.0
2025,Milano,no2 µg/m³,MILANO - SENATO,5058.0,23.140815499011467,14.479207353567071,0.0,12.6,18.7,29.9,85.3
2025,Milano,no2 µg/m³,MILANO - V.LE LIGURIA,5241.0,28.173427609234874,17.558166257448885,0.0641,14.9,23.1,37.2,117.0
2025,Milano,no2 µg/m³,MILANO - V.LE MARCHE,5047.0,34.01149990093124,16.375434224640614,0.68,21.7,31.8,43.1,130.0
2025,Milano,no2 µg/m³,MILANO - VERZIERE,4549.0,24.537243350186856,16.89793682034689,1.42,11.5,19.8,33.6,99.2
2025,Milano,no2 µg/m³,MILANO PASCAL CITT� STUDI,5116.0,23.243747068021893,16.07041453471067,2.37,11.2,17.9,31.2,116.0
2025,Milano,no2 µg/m³,S. GIULIANO,4669.0,23.71758192332405,13.785701702214231,1.36,13.9,20.4,30.4,102.0
2025,Milano,no2 µg/m³,SESTO S.GIOVANNI,5123.0,28.808612922115945,15.527172717518582,0.329,17.1,25.5,38.3,97.4
2025,Milano,o3 µg/m³,Cormano-Edison,4859.0,61.84706354599712,46.9987029191009,0.00977,17.9,59.0,94.3,250.0
2025,Milano,o3 µg/m³,LIMITO,5148.0,65.60478445998446,43.330538880019354,0.0143,31.175,63.7,94.325,218.0
2025,Milano,o3 µg/m³,MILANO - VERZIERE,5243.0,65.21082719816899,40.55787205082862,0.177,36.05,63.8,90.3,238.0
2025,Milano,o3 µg/m³,MILANO PASCAL CITT� STUDI,5254.0,61.3054628473544,37.45515968974187,0.0198,31.6,61.9,87.07499999999999,197.0
2025,Milano,pm10 µg/m³,LIMITO,1646.0,27.27539489671932,18.57792286368603,1.7,14.95,21.9,34.9,233.0
2025,Milano,pm10 µg/m³,MILANO - SENATO,1620.0,26.534135802469137,16.179634792536003,0.0,15.7,22.3,32.7,169.0
2025,Milano,pm10 µg/m³,MILANO - V.LE MARCHE,5187.0,27.97173732407943,18.710127360821343,0.0,15.7,24.0,35.9,295.0
2025,Milano,pm10 µg/m³,MILANO - VERZIERE,4986.0,17.985999183513837,14.241785211808894,0.0,8.3825,15.1,24.1,337.0
2025,Milano,pm10 µg/m³,MILANO PASCAL CITT� STUDI,1625.0,24.901661538461536,15.684077880504418,5.7,13.6,19.9,32.2,116.0
2025,Milano,pm25 µg/m³,MILANO - SENATO,1338.0,21.301270553064274,14.598366929498384,0.3,11.3,17.4,28.3,143.0
2025,Milano,pm25 µg/m³,MILANO - V.LE MARCHE,5187.0,15.283966840177367,12.764649789946755,0.0,6.91,11.1,19.7,140.0
2025,Milano,pm25 µg/m³,MILANO PASCAL CITT� STUDI,1648.0,16.738228155339804,12.22060259908522,1.7,8.7,12.4,22.6,119.0
2025,Milano,pm25 µg/m³,SESTO S.GIOVANNI,1206.0,19.71973466003317,15.073715143530192,1.6,9.4,15.7,24.775,130.0
2025,Napoli,no2 µg/m³,Casoria Scuola Palizzi (CAM),3000.0,17.122263333333333,14.74433539994657,0.0,6.0675,13.3,24.7,93.3
2025,Napoli,no2 µg/m³,NA01 OSSERVATORIO ASTRONOMICO,3000.0,19.92279,17.019697526215364,0.0,8.12,14.1,26.825,164.0
2025,Napoli,no2 µg/m³,NA02 OSPEDALE SANTOBONO,3000.0,33.792896666666664,16.829609941001138,4.23,21.7,30.6,42.3,145.0
2025,Napoli,no2 µg/m³,NA06 MUSEO NAZIONALE,3000.0,36.107063333333336,20.200051885446083,2.9,20.9,32.4,47.125,163.0
2025,Napoli,no2 µg/m³,NA07 ENTE FERROVIE,3000.0,52.00245666666667,30.15128838477514,3.26,28.9,47.95,68.6,184.0
2025,Napoli,no2 µg/m³,NA08 OSPEDALE NUOVO PELLEGRINI,2000.0,32.667030000000004,19.5886119196223,0.49,17.9,28.3,43.7,139.0
2025,Napoli,no2 µg/m³,NA09 I.T.I.S. ARGINE,3000.0,32.37644,19.72250787210698,2.5,15.4,28.9,46.3,122.0
2025,Napoli,no2 µg/m³,Portici parco reggia,3000.0,16.024046666666667,15.76222583728593,0.0,3.8575,9.71,24.0,81.9
2025,Napoli,no2 µg/m³,Tirrenopower Via Epomeo,3000.0,15.473919999999998,10.054694843524532,0.0,8.1975,12.5,20.4,61.0
2025,Napoli,no2 µg/m³,Tirrenopower Volla,3000.0,28.442916666666665,20.462465324477417,0.0,13.8,22.9,39.324999999999996,184.0
2025,Napoli,o3 µg/m³,Casoria Scuola Palizzi (CAM),2999.0,60.835661887295764,28.71716473680387,0.21,40.9,63.3,81.0,296.0
2025,Napoli,o3 µg/m³,NA01 OSSERVATORIO ASTRONOMICO,3000.0,78.04737,25.78063006882005,2.49,61.4,79.3,95.2,174.0
2025,Napoli,o3 µg/m³,Portici parco reggia,3000.0,65.55254,29.888027525162116,1.76,43.175000000000004,69.15,87.025,176.0
2025,Napoli,pm10 µg/m³,NA06 MUSEO NAZIONALE,999.0,29.415915915915917,20.604512826917464,2.0,17.8,25.1,34.8,292.0
2025,Napoli,pm10 µg/m³,NA07 ENTE FERROVIE,1594.0,28.517503136762862,18.518158944962995,0.0,16.3,24.65,35.375,200.0
2025,Napoli,pm10 µg/m³,NA09 I.T.I.S. ARGINE,1697.0,34.46281673541544,24.804490042317678,0.0,18.7,27.6,42.3,319.0
2025,Napoli,pm10 µg/m³,Tirrenopower Via Epomeo,2999.0,21.195358452817604,11.865890598814026,2.25,13.0,18.3,26.6,186.0
2025,Napoli,pm10 µg/m³,Tirrenopower Volla,2998.0,25.232531687791862,19.082183983332122,0.05,13.6,21.2,32.4,303.0
2025,Napoli,pm25 µg/m³,NA06 MUSEO NAZIONALE,999.0,17.101001001001002,12.682123304163346,0.0,9.75,14.8,21.4,234.0
2025,Napoli,pm25 µg/m³,NA09 I.T.I.S. ARGINE,1687.0,21.532128037937166,18.770938307575975,0.0,10.1,16.6,27.2,200.0
2025,Napoli,pm25 µg/m³,Tirrenopower Via Epomeo,2999.0,11.116578859619871,7.174328439564157,1.21,6.405,9.42,14.2,176.0
2025,Napoli,pm25 µg/m³,Tirrenopower Volla,2998.0,13.988098732488325,12.83841918857302,0.04,6.52,11.0,18.075000000000003,191.0
2025,Palermo,no2 µg/m³,PA - Belgio,1860.0,36.015193548387096,25.91009726340689,1.49,14.475,26.0,59.925,135.0
2025,Palermo,no2 µg/m³,PA - Boccadifalco,1771.0,9.299725290796161,9.827648782591572,0.00239,2.4,5.74,13.0,81.7
2025,Palermo,no2 µg/m³,PA - Castelnuovo,1763.0,36.88421440726035,21.954078851074108,2.81,19.25,32.0,51.3,131.0
2025,Palermo,no2 µg/m³,PA - Di Blasi,1814.0,49.0481532524807,20.997782659622345,1.76,33.0,47.1,62.2,134.0
2025,Palermo,no2 µg/m³,PA - Indipendenza,1743.0,26.76077452667814,16.08019511348382,1.58,15.1,23.2,34.6,104.0
2025,Palermo,no2 µg/m³,PA - UNIPA,1830.0,13.662114207650275,13.02375591455844,0.198,4.83,8.905000000000001,17.675,96.3
2025,Palermo,o3 µg/m³,PA - Boccadifalco,1588.0,67.26700251889169,14.903320676645185,17.6,57.3,66.9,77.325,124.0
2025,Palermo,o3 µg/m³,PA - UNIPA,1847.0,66.80644829453168,23.239224256450775,2.42,51.349999999999994,69.6,84.45,133.0
2025,Roma,no2 µg/m³,ARENULA,8611.0,25.73371269306701,16.483160742436482,2.0,13.0,21.0,34.0,147.0
2025,Roma,no2 µg/m³,BUFALOTTA,8426.0,24.76281746973653,15.891771346323546,1.0,13.0,20.0,31.0,104.0
2025,Roma,no2 µg/m³,C.SO FRANCIA,8306.0,33.46875752468095,11.71149855414855,0.0,25.0,33.0,41.0,94.0
2025,Roma,no2 µg/m³,CINECITTA,8245.0,24.371497877501515,16.527420872856755,0.0,12.0,20.0,34.0,103.0
2025,Roma,no2 µg/m³,CIPRO,17077.0,26.94205656731276,14.949643973722223,0.0,16.0,23.0,34.0,92.0
2025,Roma,no2 µg/m³,FERMI,4000.0,31.617,14.853836882015681,3.0,20.0,29.0,41.0,99.0
2025,Roma,no2 µg/m³,Fermi,8377.0,36.649874656798374,16.783241126455223,3.0,23.0,34.0,48.0,99.0
2025,Roma,no2 µg/m³,L.GO MAGNA GRECIA,6000.0,30.294166666666666,15.161033676146353,0.0,19.0,27.0,38.0,107.0
2025,Roma,no2 µg/m³,L.GO PERESTRELLO,8567.0,24.213085093965216,14.061845416465552,2.0,13.0,21.0,33.0,72.0
2025,Roma,no2 µg/m³,MALAGROTTA,4837.0,14.43849493487699,11.422437327119,1.0,6.0,10.0,19.0,92.0
2025,Roma,no2 µg/m³,Malagrotta,6000.0,16.472666666666665,13.234983201813327,0.0,7.0,12.0,22.0,92.0
2025,Roma,no2 µg/m³,TIBURTINA,8541.0,33.64196229949655,13.527728140925385,4.0,24.0,32.0,42.0,98.0
2025,Roma,no2 µg/m³,VILLA ADA,16656.0,18.41264409221902,13.193963024484143,1.0,8.0,15.0,25.0,86.0
2025,Roma,o3 µg/m³,ARENULA,8723.0,45.59199816576866,28.292022501078918,0.0,22.0,46.0,65.0,170.0
2025,Roma,o3 µg/m³,BUFALOTTA,8609.0,46.05476826576838,31.45627354443557,0.0,20.0,44.0,70.0,178.0
2025,Roma,o3 µg/m³,CINECITTA,8619.0,42.038287504350855,28.773221554376946,0.0,17.0,41.0,63.0,152.0
2025,Roma,o3 µg/m³,CIPRO,17395.0,37.47803966657085,22.184858301573797,0.0,18.0,39.0,55.0,107.0
2025,Roma,o3 µg/m³,L.GO PERESTRELLO,8757.0,45.59649423318488,33.676738434039315,0.0,16.0,42.0,69.0,180.0
2025,Roma,o3 µg/m³,MALAGROTTA,5124.0,58.00009758001561,28.10438369666198,0.0,38.0,58.0,76.0,163.0
2025,Roma,o3 µg/m³,Malagrotta,8719.0,50.76855143938525,27.265702852737174,0.0,31.0,51.0,68.0,163.0
2025,Roma,o3 µg/m³,VILLA ADA,17125.0,51.32645255474453,37.872637545683396,2.0,15.0,50.0,80.0,228.0
2025,Roma,pm10 µg/m³,ARENULA,358.0,21.02513966480447,8.914906432662553,7.0,15.0,19.0,25.0,64.0
2025,Roma,pm10 µg/m³,BUFALOTTA,349.0,21.12320916905444,9.78558962885137,2.0,16.0,20.0,25.0,116.0
2025,Roma,pm10 µg/m³,C.SO FRANCIA,353.0,25.76487252124646,9.556275368487562,0.0,20.0,24.0,31.0,66.0
2025,Roma,pm10 µg/m³,CINECITTA,357.0,23.14565826330532,11.44410276600324,6.0,16.0,20.0,28.0,143.0
2025,Roma,pm10 µg/m³,CIPRO,714.0,22.256302521008404,8.140086308099171,0.0,17.0,21.0,27.0,54.0
2025,Roma,pm10 µg/m³,Fermi,353.0,22.073654390934845,8.943650138543523,5.0,16.0,20.0,26.0,82.0
2025,Roma,pm10 µg/m³,L.GO MAGNA GRECIA,357.0,22.759103641456583,9.078818866090083,5.0,17.0,21.0,26.0,85.0
2025,Roma,pm10 µg/m³,L.GO PERESTRELLO,364.0,25.802197802197803,13.117372057764213,6.0,18.0,22.0,31.0,162.0
2025,Roma,pm10 µg/m³,Malagrotta,350.0,20.44,8.623988666258747,1.0,15.0,18.0,24.0,71.0
2025,Roma,pm10 µg/m³,TIBURTINA,353.0,24.84985835694051,12.232483126732255,6.0,17.0,22.0,30.0,140.0
2025,Roma,pm10 µg/m³,VILLA ADA,714.0,20.071428571428573,8.217703765610121,3.0,14.0,19.0,24.0,56.0
2025,Roma,pm25 µg/m³,ARENULA,360.0,12.980555555555556,8.04840230323932,1.0,8.0,11.0,16.0,61.0
2025,Roma,pm25 µg/m³,C.SO FRANCIA,360.0,12.477777777777778,6.078828097325233,0.0,8.0,11.0,15.0,42.0
2025,Roma,pm25 µg/m³,CINECITTA,356.0,12.25,7.9577670447197795,3.0,7.0,10.0,15.0,93.0
2025,Roma,pm25 µg/m³,CIPRO,708.0,11.628531073446327,6.220296166754829,2.0,7.0,10.0,14.0,44.0
2025,Roma,pm25 µg/m³,Malagrotta,348.0,12.074712643678161,7.200715916869604,2.0,7.0,10.0,15.0,59.0
2025,Roma,pm25 µg/m³,VILLA ADA,683.0,11.08199121522694,5.8993772338886155,0.0,7.0,9.0,14.0,32.0
2025,Torino,no2 µg/m³,Borgaro T. - Caduti,4906.0,13.870668569099063,10.972472173943759,0.0,6.0,10.0,17.0,83.0
2025,Torino,no2 µg/m³,Settimo T. - Vivaldi,4659.0,30.27999570723331,11.328670312994484,2.0,22.0,30.0,37.0,200.0
2025,Torino,no2 µg/m³,Torino - Consolata,4787.0,28.29204094422394,14.444974101707203,4.0,17.0,25.0,36.0,94.0
2025,Torino,no2 µg/m³,Torino - Rebaudengo,4664.0,32.80789022298456,16.147321106184748,5.0,21.0,29.0,41.0,117.0
2025,Torino,no2 µg/m³,Torino - Rubino,4935.0,22.619554204660588,12.018083279089531,1.0,14.0,21.0,29.0,83.0
2025,Torino,no2 µg/m³,Torino Lingotto,4632.0,27.251295336787564,12.941369808551842,2.0,17.0,26.0,36.0,91.0
2025,Torino,o3 µg/m³,Borgaro T. - Caduti,4880.0,62.94077868852459,37.91794326174968,1.0,35.0,60.0,87.0,188.0
2025,Torino,o3 µg/m³,Torino - Rubino,4895.0,59.42553626149132,41.0225465729874,2.0,25.0,56.0,88.0,179.0
2025,Torino,o3 µg/m³,Torino Lingotto,4784.0,58.11371237458194,36.51372294495461,0.0,30.0,58.0,83.0,159.0
2025,Torino,pm10 µg/m³,Torino - Rubino,3000.0,20.570666666666668,14.905202489152453,0.0,11.0,18.0,27.0,179.0
2025,Torino,pm25 µg/m³,Torino - Rubino,3000.0,12.657333333333334,9.868521104594118,0.0,6.0,10.0,16.0,105.0
